{"cameraMode":{"drawMode":0,"name":"Shaded","section":"Shading Mode"},"sceneLighting":true,"audioPlay":false,"sceneViewState":{"m_AlwaysRefresh":false,"showFog":true,"showSkybox":true,"showFlares":true,"showImageEffects":true,"showParticleSystems":true,"showVisualEffectGraphs":true,"m_FxEnabled":true},"in2DMode":false,"pivot":{"x":-2.308727264404297,"y":1.5595710277557374,"z":-8.304712295532227},"rotation":{"x":-0.05128662288188934,"y":-0.005095881875604391,"z":0.00026235837140120566,"w":-0.9986752867698669},"size":0.7071067690849304,"orthographic":false}