{"cameraMode":{"drawMode":0,"name":"Shaded","section":"Shading Mode"},"sceneLighting":false,"audioPlay":false,"sceneViewState":{"m_AlwaysRefresh":false,"showFog":true,"showSkybox":false,"showFlares":true,"showImageEffects":true,"showParticleSystems":true,"showVisualEffectGraphs":true,"m_FxEnabled":true},"in2DMode":false,"pivot":{"x":846.1790771484375,"y":504.86920166015627,"z":42.964298248291019},"rotation":{"x":-0.12182891368865967,"y":0.6323403120040894,"z":-0.10159959644079209,"w":-0.7582545280456543},"size":155.23533630371095,"orthographic":false}